deployment_id,orderid,url
DEP001,300001,http://tmd.com/300001
DEP002,300002,http://tmd.com/300002
DEP004,300004,http://tmd.com/300004
DEP005,300005,http://tmd.com/300005
DEP006,300006,http://tmd.com/300006
DEP009,300009,http://tmd.com/300009
DEP010,300010,http://tmd.com/300010
DEP011,300011,http://tmd.com/300011
DEP013,300013,http://tmd.com/300013
DEP014,300014,http://tmd.com/300014
DEP017,300017,http://tmd.com/300017
DEP018,300018,http://tmd.com/300018
DEP020,300020,http://tmd.com/300020
DEP021,300021,http://tmd.com/300021
DEP022,300022,http://tmd.com/300022
DEP024,300024,http://tmd.com/300024
DEP025,300025,http://tmd.com/300025
DEP028,300028,http://tmd.com/300028
DEP029,300029,http://tmd.com/300029
DEP031,300031,http://tmd.com/300031
DEP032,300032,http://tmd.com/300032
DEP034,300034,http://tmd.com/300034
DEP035,300035,http://tmd.com/300035
DEP038,300038,http://tmd.com/300038
DEP039,300039,http://tmd.com/300039
DEP040,300040,http://tmd.com/300040
DEP041,300041,http://tmd.com/300041
DEP042,300042,http://tmd.com/300042
DEP044,300044,http://tmd.com/300044
DEP045,300045,http://tmd.com/300045
DEP047,300047,http://tmd.com/300047
DEP049,300049,http://tmd.com/300049
DEP050,300050,http://tmd.com/300050
DEP052,300052,http://tmd.com/300052
DEP053,300053,http://tmd.com/300053
DEP056,300056,http://tmd.com/300056
DEP057,300057,http://tmd.com/300057
DEP059,300059,http://tmd.com/300059
DEP060,300060,http://tmd.com/300060
DEP061,300061,http://tmd.com/300061
DEP062,300062,http://tmd.com/300062
DEP064,300064,http://tmd.com/300064
DEP065,300065,http://tmd.com/300065
DEP067,300067,http://tmd.com/300067
DEP069,300069,http://tmd.com/300069
DEP070,300070,http://tmd.com/300070
DEP072,300072,http://tmd.com/300072
DEP073,300073,http://tmd.com/300073
DEP075,300075,http://tmd.com/300075
DEP076,300076,http://tmd.com/300076
DEP077,300077,http://tmd.com/300077
DEP079,300079,http://tmd.com/300079
DEP080,300080,http://tmd.com/300080
DEP082,300082,http://tmd.com/300082
DEP083,300083,http://tmd.com/300083
DEP100,300100,http://tmd.com/300100
